{
    "step": [
        1,
        2,
        3
    ],
    "train_acc": [
        0.15,
        0.41,
        0.46
    ],
    "val_acc": [
        0.25,
        0.25,
        0.35
    ],
    "train_loss": [
        5.658799896072597,
        3.201173986612994,
        2.0801532207126727
    ],
    "val_loss": [
        4.386528182029724,
        4.385591527773068,
        3.6130655364288033
    ]
}