{
    "step": [
        1,
        2,
        3
    ],
    "train_acc": [
        0.12,
        0.34,
        0.5
    ],
    "val_acc": [
        0.3,
        0.3,
        0.55
    ],
    "train_loss": [
        5.677941277306527,
        2.688353160441038,
        2.2247423341976535
    ],
    "val_loss": [
        2.9258482597768305,
        2.562664300156757,
        1.535795000055805
    ]
}