{
    "num_filters": [
        1,
        2,
        3
    ],
    "trainable_acc": [
        [
            0.5
        ],
        [
            0.35
        ],
        [
            0.5
        ]
    ],
    "trainable_loss": [
        [
            1.7636249665170909
        ],
        [
            3.6130655364288033
        ],
        [
            3.337031809752807
        ]
    ],
    "frozen_acc": [
        [
            0.55
        ],
        [
            0.55
        ],
        [
            0.45
        ]
    ],
    "frozen_loss": [
        [
            1.5072448173537851
        ],
        [
            1.535795000055805
        ],
        [
            2.4825362448638773
        ]
    ]
}