{
    "step": [
        1,
        2,
        3
    ],
    "train_acc": [
        0.15,
        0.35,
        0.39
    ],
    "val_acc": [
        0.25,
        0.35,
        0.55
    ],
    "train_loss": [
        3.415202917680144,
        2.426133479438722,
        2.008300136178732
    ],
    "val_loss": [
        2.415746784210205,
        3.1988753027282657,
        1.5072448173537851
    ]
}