{
    "step": [
        1,
        2,
        3
    ],
    "train_acc": [
        0.17,
        0.35,
        0.49
    ],
    "val_acc": [
        0.25,
        0.45,
        0.5
    ],
    "train_loss": [
        3.654678585678339,
        2.2275414402410387,
        1.6585202415660023
    ],
    "val_loss": [
        2.7229508981108665,
        2.05506396740675,
        1.7636249665170909
    ]
}