{
    "step": [
        1,
        2,
        3
    ],
    "train_acc": [
        0.14,
        0.35,
        0.48
    ],
    "val_acc": [
        0.15,
        0.3,
        0.5
    ],
    "train_loss": [
        6.680388415285852,
        4.172144299579741,
        2.815710395312781
    ],
    "val_loss": [
        4.148935664526652,
        3.337031809752807,
        4.403207341907546
    ]
}