{
    "step": [
        1,
        2,
        3
    ],
    "train_acc": [
        0.17,
        0.37,
        0.45
    ],
    "val_acc": [
        0.35,
        0.35,
        0.45
    ],
    "train_loss": [
        8.02772809419781,
        4.781850175805666,
        3.473939224462465
    ],
    "val_loss": [
        4.546656310674734,
        5.1105637288971595,
        2.4825362448638773
    ]
}