{
    "step": [
        0,
        20,
        40,
        60,
        80,
        100
    ],
    "train_acc": [
        0.0,
        0.0,
        0.0,
        0.0,
        0.0,
        0.0
    ],
    "val_acc": [
        0.25,
        0.1,
        0.1,
        0.15,
        0.05,
        0.35
    ],
    "train_loss": [
        2.549910545349121,
        4.96664571762085,
        7.772725582122803,
        2.342118501663208,
        7.97288703918457,
        2.607152223587036
    ],
    "val_loss": [
        2.2786412954330446,
        5.479431688785553,
        4.1717073857784275,
        3.217128685116768,
        3.84575262516737,
        2.845825270563364
    ]
}