{
    "step": [
        0,
        20,
        40,
        60,
        80,
        100
    ],
    "train_acc": [
        0.0,
        0.0,
        0.0,
        0.0,
        0.0,
        0.0
    ],
    "val_acc": [
        0.1,
        0.2,
        0.25,
        0.3,
        0.25,
        0.3
    ],
    "train_loss": [
        2.9367003440856934,
        15.373664855957031,
        17.135692596435547,
        7.11334753036499,
        5.808864116668701,
        6.147581577301025
    ],
    "val_loss": [
        2.524545443058014,
        8.10000261887908,
        4.011225545406342,
        3.761277735233307,
        2.54594424366951,
        3.5290574856102466
    ]
}