{
    "step": [
        0,
        20,
        40,
        60,
        80,
        100
    ],
    "train_acc": [
        0.0,
        1.0,
        0.0,
        0.0,
        0.0,
        0.0
    ],
    "val_acc": [
        0.05,
        0.15,
        0.05,
        0.05,
        0.2,
        0.2
    ],
    "train_loss": [
        2.7939412593841553,
        0.47337040305137634,
        3.7928409576416016,
        2.716085433959961,
        5.7716851234436035,
        3.7200546264648438
    ],
    "val_loss": [
        2.459867799282074,
        7.146403020620346,
        3.4640644550323487,
        4.180676045268774,
        4.108752255141735,
        4.167251129448414
    ]
}