{
    "step": [
        0,
        20,
        40,
        60,
        80,
        100
    ],
    "train_acc": [
        0.0,
        0.0,
        1.0,
        0.0,
        1.0,
        0.0
    ],
    "val_acc": [
        0.15,
        0.15,
        0.15,
        0.15,
        0.2,
        0.3
    ],
    "train_loss": [
        1.9930005073547363,
        2.8465051651000977,
        0.16749705374240875,
        12.686453819274902,
        0.3690645694732666,
        2.098666191101074
    ],
    "val_loss": [
        2.2728429317474363,
        8.76964193880558,
        8.66767364218831,
        4.687066969275475,
        4.700321124494076,
        2.555099780857563
    ]
}