{
    "step": [
        0,
        20,
        40,
        60,
        80,
        100
    ],
    "train_acc": [
        0.0,
        0.0,
        0.0,
        0.0,
        0.0,
        0.0
    ],
    "val_acc": [
        0.05,
        0.15,
        0.2,
        0.05,
        0.2,
        0.25
    ],
    "train_loss": [
        1.9942481517791748,
        4.0669264793396,
        1.8185713291168213,
        1.3421180248260498,
        1.3719104528427124,
        2.7643680572509766
    ],
    "val_loss": [
        2.342382276058197,
        3.9705151572823523,
        5.438299757242203,
        3.737347373366356,
        3.79314716309309,
        2.960186183452606
    ]
}