{
    "step": [
        0,
        20,
        40,
        60,
        80,
        100
    ],
    "train_acc": [
        0.0,
        0.0,
        0.0,
        1.0,
        0.0,
        0.0
    ],
    "val_acc": [
        0.05,
        0.15,
        0.15,
        0.15,
        0.2,
        0.35
    ],
    "train_loss": [
        2.1135621070861816,
        8.695391654968262,
        7.583763599395752,
        0.69078528881073,
        2.6748557090759277,
        3.997661828994751
    ],
    "val_loss": [
        2.3777939558029173,
        6.240653560310602,
        6.191073654592037,
        2.8367902383208277,
        3.5244317568838595,
        3.261319822072983
    ]
}