{
    "step": [
        1,
        2,
        3
    ],
    "train_acc": [
        0.19,
        0.19,
        0.21
    ],
    "val_acc": [
        0.1,
        0.1,
        0.05
    ],
    "train_loss": [
        7.158725374643691,
        5.564867908053566,
        4.5092600430303715
    ],
    "val_loss": [
        9.6365488499403,
        10.551975398510695,
        5.659094485640526
    ]
}