{
    "step": [
        1,
        2,
        3
    ],
    "train_acc": [
        0.15,
        0.22,
        0.29
    ],
    "val_acc": [
        0.1,
        0.0,
        0.0
    ],
    "train_loss": [
        6.765922578889876,
        4.478919925969094,
        3.7584192518237978
    ],
    "val_loss": [
        8.870312101766467,
        7.779094851016998,
        6.270087349414825
    ]
}