{
    "step": [
        1,
        2,
        3
    ],
    "train_acc": [
        0.08,
        0.19,
        0.23
    ],
    "val_acc": [
        0.2,
        0.05,
        0.05
    ],
    "train_loss": [
        14.48891943176277,
        10.597740682147851,
        6.7719505812349965
    ],
    "val_loss": [
        10.214468202169519,
        16.610130524635316,
        19.313720563054083
    ]
}