{
    "step": [
        1,
        2,
        3
    ],
    "train_acc": [
        0.09,
        0.16,
        0.29
    ],
    "val_acc": [
        0.05,
        0.05,
        0.15
    ],
    "train_loss": [
        14.878611638165312,
        8.747339739642339,
        7.302349423179403
    ],
    "val_loss": [
        14.077086007595062,
        13.880734571814537,
        14.256691936776042
    ]
}