{
    "step": [
        0,
        20,
        40,
        60,
        80,
        100
    ],
    "train_acc": [
        0.0,
        1.0,
        0.0,
        0.0,
        1.0,
        0.0
    ],
    "val_acc": [
        0.25,
        0.15,
        0.1,
        0.0,
        0.05,
        0.15
    ],
    "train_loss": [
        2.7505438327789307,
        0.5321659445762634,
        1.9786604642868042,
        3.659893751144409,
        0.8795196413993835,
        4.039729118347168
    ],
    "val_loss": [
        2.3051757335662844,
        4.185653305053711,
        3.7234548687934876,
        4.734248796105385,
        3.6943055987358093,
        3.246662327647209
    ]
}