{
    "step": [
        0,
        20,
        40,
        60,
        80,
        100
    ],
    "train_acc": [
        0.0,
        1.0,
        0.0,
        0.0,
        1.0,
        0.0
    ],
    "val_acc": [
        0.05,
        0.05,
        0.0,
        0.05,
        0.2,
        0.15
    ],
    "train_loss": [
        1.9500099420547485,
        1.0556155443191528,
        2.37092924118042,
        4.038335800170898,
        1.0806540250778198,
        1.9599965810775757
    ],
    "val_loss": [
        2.5208742380142213,
        4.1566576838493345,
        3.6483021914958953,
        3.2886502355337144,
        2.308678203821182,
        2.475483337044716
    ]
}