{
    "step": [
        0,
        20,
        40,
        60,
        80,
        100
    ],
    "train_acc": [
        0.0,
        0.0,
        0.0,
        1.0,
        0.0,
        0.0
    ],
    "val_acc": [
        0.15,
        0.2,
        0.05,
        0.3,
        0.05,
        0.3
    ],
    "train_loss": [
        2.5410075187683105,
        3.6503283977508545,
        1.932685375213623,
        1.0279794931411743,
        1.841266393661499,
        1.861598253250122
    ],
    "val_loss": [
        2.390183502435684,
        4.25583099424839,
        3.554512915015221,
        2.174727687239647,
        3.076802682876587,
        3.2863243579864503
    ]
}