{
    "step": [
        0,
        20,
        40,
        60,
        80,
        100
    ],
    "train_acc": [
        0.0,
        1.0,
        0.0,
        0.0,
        0.0,
        1.0
    ],
    "val_acc": [
        0.0,
        0.0,
        0.2,
        0.3,
        0.15,
        0.05
    ],
    "train_loss": [
        2.4528045654296875,
        0.3448082506656647,
        4.145258903503418,
        2.10737681388855,
        2.1019067764282227,
        0.7586665153503418
    ],
    "val_loss": [
        2.666154569387436,
        5.4169435739517215,
        3.880063471198082,
        3.1124873787164686,
        2.68974232673645,
        3.1141835361719132
    ]
}