{
    "step": [
        0,
        20,
        40,
        60,
        80,
        100
    ],
    "train_acc": [
        0.0,
        0.0,
        0.0,
        0.0,
        0.0,
        0.0
    ],
    "val_acc": [
        0.1,
        0.0,
        0.0,
        0.05,
        0.15,
        0.35
    ],
    "train_loss": [
        2.7368128299713135,
        5.438232421875,
        5.726386547088623,
        1.6224846839904785,
        3.3511953353881836,
        2.2990379333496094
    ],
    "val_loss": [
        2.2648684322834014,
        4.866973125934601,
        3.578501099348068,
        3.073992919921875,
        2.432681292295456,
        2.0573202282190324
    ]
}