{
    "step": [
        0,
        20,
        40,
        60,
        80,
        100
    ],
    "train_acc": [
        0.0,
        0.0,
        0.0,
        0.0,
        0.0,
        0.0
    ],
    "val_acc": [
        0.05,
        0.05,
        0.15,
        0.2,
        0.05,
        0.15
    ],
    "train_loss": [
        2.674102783203125,
        5.109293460845947,
        10.962024688720703,
        4.219756603240967,
        3.2770776748657227,
        3.6096649169921875
    ],
    "val_loss": [
        2.5307995676994324,
        6.130722884833813,
        4.712999069690705,
        3.1080492466688154,
        3.024426144361496,
        3.8079225689172747
    ]
}