{
    "phase_1": [
        {
            "train_loss": [
                2.1020789651870726,
                1.3094333124160766
            ],
            "val_loss": [
                1.6175099515914917,
                0.8004291033744813
            ],
            "train_acc": [
                0.354,
                0.666
            ],
            "val_acc": [
                0.685,
                0.79
            ],
            "bch": [
                0.0,
                0.0
            ],
            "fisher_rank": [
                0.0,
                0.0
            ],
            "time": 10.452620506286621,
            "config": {
                "dataset": "MNIST",
                "data_size": 1000,
                "epochs": 2,
                "time": 3.0,
                "time_steps": 3,
                "n_filters": 1
            }
        },
        {
            "train_loss": [
                2.0876654186248778,
                0.8307661571502686
            ],
            "val_loss": [
                1.0483164525032043,
                0.5650238275527955
            ],
            "train_acc": [
                0.394,
                0.76
            ],
            "val_acc": [
                0.77,
                0.825
            ],
            "bch": [
                0.0,
                0.0
            ],
            "fisher_rank": [
                0.0,
                0.0
            ],
            "time": 23.34164071083069,
            "config": {
                "dataset": "MNIST",
                "data_size": 1000,
                "epochs": 2,
                "time": 3.0,
                "time_steps": 3,
                "n_filters": 2
            }
        },
        {
            "train_loss": [
                1.8959223413467408,
                0.981972086429596
            ],
            "val_loss": [
                1.11945659160614,
                0.8062688732147216
            ],
            "train_acc": [
                0.368,
                0.647
            ],
            "val_acc": [
                0.615,
                0.7
            ],
            "bch": [
                0.0,
                0.0
            ],
            "fisher_rank": [
                0.0,
                0.0
            ],
            "time": 11.310037851333618,
            "config": {
                "dataset": "FashionMNIST",
                "data_size": 1000,
                "epochs": 2,
                "time": 3.0,
                "time_steps": 3,
                "n_filters": 1
            }
        },
        {
            "train_loss": [
                1.6381507816314698,
                0.9285224990844727
            ],
            "val_loss": [
                1.1280409812927246,
                0.8081128931045533
            ],
            "train_acc": [
                0.48,
                0.658
            ],
            "val_acc": [
                0.57,
                0.7
            ],
            "bch": [
                0.0,
                0.0
            ],
            "fisher_rank": [
                0.0,
                0.0
            ],
            "time": 26.98732590675354,
            "config": {
                "dataset": "FashionMNIST",
                "data_size": 1000,
                "epochs": 2,
                "time": 3.0,
                "time_steps": 3,
                "n_filters": 2
            }
        }
    ],
    "phase_2": [
        {
            "train_loss": [
                4.11968525314331,
                1.7150604486465455,
                1.1131552119255066,
                0.804826066493988,
                0.6358597121238708
            ],
            "val_loss": [
                1.972302885055542,
                1.3257388639450074,
                0.875349473953247,
                0.6730908226966857,
                0.5744128632545471
            ],
            "train_acc": [
                0.1845,
                0.5385,
                0.788,
                0.806,
                0.8375
            ],
            "val_acc": [
                0.415,
                0.785,
                0.7925,
                0.8125,
                0.8475
            ],
            "bch": [
                0.0,
                0.0,
                0.0,
                0.0,
                0.0
            ],
            "fisher_rank": [
                0.0,
                0.0,
                0.0,
                0.0,
                0.0
            ],
            "time": 57.21394872665405,
            "config": {
                "dataset": "MNIST",
                "data_size": 2000,
                "epochs": 5,
                "time": 1.0,
                "time_steps": 1,
                "n_filters": 2
            }
        },
        {
            "train_loss": [
                4.162239695549011,
                1.0149442868232728,
                0.6319893369674683,
                0.530919768333435,
                0.45885045647621153
            ],
            "val_loss": [
                1.3510864877700806,
                0.6901874780654907,
                0.533107967376709,
                0.46350358963012694,
                0.4159260630607605
            ],
            "train_acc": [
                0.3185,
                0.749,
                0.8335,
                0.8415,
                0.8695
            ],
            "val_acc": [
                0.55,
                0.825,
                0.845,
                0.855,
                0.87
            ],
            "bch": [
                0.0,
                0.0,
                0.0,
                0.0,
                0.0
            ],
            "fisher_rank": [
                0.0,
                0.0,
                0.0,
                0.0,
                0.0
            ],
            "time": 85.77038955688477,
            "config": {
                "dataset": "MNIST",
                "data_size": 2000,
                "epochs": 5,
                "time": 1.0,
                "time_steps": 2,
                "n_filters": 2
            }
        },
        {
            "train_loss": [
                1.7550378031730651,
                0.6533558855056762,
                0.48662498235702517,
                0.43561304950714114,
                0.3640078897476196
            ],
            "val_loss": [
                0.800280933380127,
                0.5123311924934387,
                0.43271269023418424,
                0.40192723631858823,
                0.3634488487243652
            ],
            "train_acc": [
                0.4985,
                0.84,
                0.8595,
                0.876,
                0.8975
            ],
            "val_acc": [
                0.815,
                0.8325,
                0.8525,
                0.86,
                0.8675
            ],
            "bch": [
                0.0,
                0.0,
                0.0,
                0.0,
                0.0
            ],
            "fisher_rank": [
                0.0,
                0.0,
                0.0,
                0.0,
                0.0
            ],
            "time": 53.8494930267334,
            "config": {
                "dataset": "MNIST",
                "data_size": 2000,
                "epochs": 5,
                "time": 2.0,
                "time_steps": 1,
                "n_filters": 2
            }
        },
        {
            "train_loss": [
                1.886367121219635,
                0.6485220432281494,
                0.4672658739089966,
                0.4067973084449768,
                0.3492233595848083
            ],
            "val_loss": [
                0.8284124207496643,
                0.49657594323158266,
                0.44235897362232207,
                0.3557657712697983,
                0.32682388901710513
            ],