{
    "num_filters": [
        1,
        2,
        3
    ],
    "trainable_acc": [
        [
            0.2,
            0.2,
            0.3
        ],
        [
            0.2,
            0.35,
            0.35
        ],
        [
            0.2,
            0.3,
            0.35
        ]
    ],
    "trainable_loss": [
        [
            2.308678203821182,
            2.5307995676994324,
            2.666154569387436
        ],
        [
            2.459867799282074,
            2.3777939558029173,
            2.2786412954330446
        ],
        [
            2.7199163138866425,
            2.3410723507404327,
            2.3933135688304903
        ]
    ],
    "frozen_acc": [
        [
            0.25,
            0.35,
            0.3
        ],
        [
            0.3,
            0.25,
            0.3
        ],
        [
            0.25,
            0.15,
            0.25
        ]
    ],
    "frozen_loss": [
        [
            2.3051757335662844,
            2.0573202282190324,
            2.174727687239647
        ],
        [
            2.2728429317474363,
            2.342382276058197,
            2.524545443058014
        ],
        [
            2.3273294806480407,
            2.3108589589595794,
            2.5568366229534147
        ]
    ]
}