{
    "phase_1": [
        {
            "train_loss": [
                2.3098180294036865,
                2.6571691036224365,
                1.886031150817871
            ],
            "val_loss": [
                3.1042151134490967,
                2.194252030944824,
                1.919568363571167
            ],
            "train_acc": [
                0.1,
                0.4,
                0.63
            ],
            "val_acc": [
                0.2734,
                0.4202,
                0.2637
            ],
            "bch": [
                23.03547477722168,
                23.063949584960938,
                23.088319778442383
            ],
            "fisher_rank": [
                3.8534955978393555,
                3.996475617090861,
                3.7652487754821777
            ],
            "time": 231.75851440429688,
            "config": {
                "dataset": "MNIST",
                "time": 2.0,
                "time_steps": 4,
                "n_filters": 3,
                "data_size": 100,
                "epochs": 3
            }
        },
        {
            "train_loss": [
                2.3531246185302734,
                2.7713325023651123,
                3.982487678527832
            ],
            "val_loss": [
                4.80185778427124,
                5.796764831542969,
                3.774472918701172
            ],
            "train_acc": [
                0.03,
                0.53,
                0.37
            ],
            "val_acc": [
                0.4057,
                0.3294,
                0.4469
            ],
            "bch": [
                157.1533660888672,
                157.1811981201172,
                157.53065490722656
            ],
            "fisher_rank": [
                3.9131054878234863,
                4.093586444854736,
                4.183663924535115
            ],
            "time": 595.5311040878296,
            "config": {
                "dataset": "FashionMNIST",
                "time": 5.0,
                "time_steps": 5,
                "n_filters": 6,
                "data_size": 100,
                "epochs": 3
            }
        }
    ],
    "phase_2": [
        {
            "dataset": "MNIST",
            "sizes": [
                "10",
                "20",
                "50",
                "100",
                "200"
            ],
            "accuracies_mean": [
                0.27016,
                0.37434,
                0.41445999999999994,
                0.48026,
                0.49071999999999993
            ],
            "accuracies_std": [
                0.07215731702329294,
                0.11426626098722228,
                0.21257065272515863,
                0.22199303232308892,
                0.21089388231999526
            ],
            "losses_mean": [
                6.543917558364868,
                3.3570952886581424,
                2.3781092291641235,
                2.2457224181747435,
                1.5375231637954712
            ]
        },
        {
            "dataset": "FashionMNIST",
            "sizes": [
                "10",
                "20",
                "50",
                "100",
                "200"
            ],
            "accuracies_mean": [
                0.29188000000000003,
                0.29248,
                0.36130000000000007,
                0.36275999999999997,
                0.52332
            ],
            "accuracies_std": [
                0.04109571267176175,
                0.0866234471722293,
                0.11175861488046457,
                0.09795937116988859,
                0.054339576737402
            ],
            "losses_mean": [
                7.987196005249023,
                4.280249632110595,
                2.6517662458801268,
                2.629685031967163,
                1.6276913443946839
            ]
        }
    ],
    "phase_3_binary_stability": {
        "MNIST": [
            {
                "run_id": 1,
                "final_acc": 0.9990543735224586,
                "final_loss": 0.009219839509472529,
                "loss_curve": [
                    0.17317093208432197
                ]
            },
            {
                "run_id": 2,
                "final_acc": 0.9990543735224586,
                "final_loss": 0.009219839509472529,
                "loss_curve": [
                    0.17317093208432197
                ]
            },
            {
                "run_id": 3,
                "final_acc": 0.9990543735224586,
                "final_loss": 0.009219839509472529,
                "loss_curve": [
                    0.17317093208432197
                ]
            },
            {
                "run_id": 4,
                "final_acc": 0.9990543735224586,
                "final_loss": 0.009219839509472529,
                "loss_curve": [
                    0.17317093208432197
                ]
            },
            {
                "run_id": 5,
                "final_acc": 0.9990543735224586,
                "final_loss": 0.009219839509472529,
                "loss_curve": [
                    0.17317093208432197
                ]
            }
        ],
        "FashionMNIST": [
            {
                "run_id": 1,
                "final_acc": 0.962,
                "final_loss": 0.09674697048030793,
                "loss_curve": [
                    0.2734475721605122
                ]
            },
            {
                "run_id": 2,
                "final_acc": 0.962,
                "final_loss": 0.09674697048030793,
                "loss_curve": [
                    0.2734475721605122
                ]
            },
            {
                "run_id": 3,
                "final_acc": 0.962,
                "final_loss": 0.09674697048030793,
                "loss_curve": [
                    0.2734475721605122
                ]
            },
            {
                "run_id": 4,
                "final_acc": 0.962,
                "final_loss": 0.09674697048030793,
                "loss_curve": [
                    0.2734475721605122
                ]
            },
            {
                "run_id": 5,
                "final_acc": 0.962,
                "final_loss": 0.09674697048030793,
                "loss_curve": [
                    0.2734475721605122
                ]
            }
        ]
    }
}