{
    "step": [
        1,
        2,
        3
    ],
    "train_acc": [
        0.12,
        0.18,
        0.23
    ],
    "val_acc": [
        0.2,
        0.0,
        0.0
    ],
    "train_loss": [
        18.609270065252204,
        15.60360277456435,
        8.531076289192372
    ],
    "val_loss": [
        19.88218337937724,
        19.219350701570512,
        15.901748073101043
    ]
}