{
    "step": [
        1,
        2,
        3
    ],
    "train_acc": [
        0.17,
        0.24,
        0.24
    ],
    "val_acc": [
        0.0,
        0.1,
        0.05
    ],
    "train_loss": [
        19.91680913302974,
        16.67824854760866,
        10.921793795901149
    ],
    "val_loss": [
        16.30330775976181,
        16.15728862799879,
        26.94925612434745
    ]
}