{
    "step": [
        1,
        2,
        3
    ],
    "train_acc": [
        0.12,
        0.28,
        0.54
    ],
    "val_acc": [
        0.15,
        0.3,
        0.45
    ],
    "train_loss": [
        6.4255457671079785,
        3.170713536506519,
        1.988818908231333
    ],
    "val_loss": [
        2.7511048704385757,
        2.8433401798829436,
        2.027424428984523
    ]
}