{
    "step": [
        1,
        2,
        3
    ],
    "train_acc": [
        0.13,
        0.29,
        0.36
    ],
    "val_acc": [
        0.2,
        0.4,
        0.3
    ],
    "train_loss": [
        5.507741432487965,
        3.5418302982486782,
        2.7631506084511055
    ],
    "val_loss": [
        5.417920521087945,
        1.8887626081705093,
        3.94131448790431
    ]
}