{
    "num_filters": [
        3,
        6,
        9
    ],
    "trainable_acc": [
        [
            0.1
        ],
        [
            0.2
        ],
        [
            0.2
        ]
    ],
    "trainable_loss": [
        [
            6.270087349414825
        ],
        [
            10.214468202169519
        ],
        [
            15.901748073101043
        ]
    ],
    "frozen_acc": [
        [
            0.1
        ],
        [
            0.15
        ],
        [
            0.1
        ]
    ],
    "frozen_loss": [
        [
            5.659094485640526
        ],
        [
            13.880734571814537
        ],
        [
            16.15728862799879
        ]
    ]
}