{
    "step": [
        0,
        20,
        40,
        60,
        80,
        100
    ],
    "train_acc": [
        0.0,
        1.0,
        1.0,
        1.0,
        0.0,
        1.0
    ],
    "val_acc": [
        0.15,
        0.15,
        0.15,
        0.15,
        0.25,
        0.15
    ],
    "train_loss": [
        2.537275791168213,
        0.0846325010061264,
        0.47677773237228394,
        4.8993817472364753e-05,
        16.30234146118164,
        1.0342779159545898
    ],
    "val_loss": [
        2.5568366229534147,
        7.396206632442772,
        5.922892194241285,
        10.146837657603465,
        3.988474078476429,
        4.619622273743152
    ]
}