{
    "step": [
        0,
        20,
        40,
        60,
        80,
        100
    ],
    "train_acc": [
        0.0,
        0.0,
        0.0,
        0.0,
        1.0,
        1.0
    ],
    "val_acc": [
        0.05,
        0.15,
        0.2,
        0.15,
        0.1,
        0.15
    ],
    "train_loss": [
        2.6663551330566406,
        5.445586204528809,
        22.477807998657227,
        10.320220947265625,
        0.013374963775277138,
        0.14449162781238556
    ],
    "val_loss": [
        2.7199163138866425,
        9.17001768797636,
        10.818893931806087,
        6.843462886661291,
        6.610972027550451,
        5.544010164216161
    ]
}