{
    "step": [
        0,
        20,
        40,
        60,
        80,
        100
    ],
    "train_acc": [
        0.0,
        0.0,
        0.0,
        0.0,
        0.0,
        0.0
    ],
    "val_acc": [
        0.1,
        0.15,
        0.2,
        0.15,
        0.25,
        0.15
    ],
    "train_loss": [
        2.377997636795044,
        29.394941329956055,
        13.1339750289917,
        3.387079954147339,
        2.18896484375,
        1.9033123254776
    ],
    "val_loss": [
        2.3273294806480407,
        11.846940905600785,
        5.731657542288303,
        11.050076439976692,
        8.829763666540384,
        4.2084839276969435
    ]
}