{
    "step": [
        0,
        20,
        40,
        60,
        80,
        100
    ],
    "train_acc": [
        0.0,
        0.0,
        0.0,
        0.0,
        0.0,
        1.0
    ],
    "val_acc": [
        0.15,
        0.0,
        0.1,
        0.05,
        0.15,
        0.05
    ],
    "train_loss": [
        1.8423080444335938,
        8.822707176208496,
        27.420183181762695,
        8.403783798217773,
        1.1641989946365356,
        0.2173391729593277
    ],
    "val_loss": [
        2.3108589589595794,
        13.522103428840637,
        8.657034760713577,
        9.619834512472153,
        4.079781963676214,
        6.220338007621467
    ]
}