{
    "step": [
        0,
        20,
        40,
        60,
        80,
        100
    ],
    "train_acc": [
        0.0,
        0.0,
        0.0,
        0.0,
        0.0,
        0.0
    ],
    "val_acc": [
        0.1,
        0.05,
        0.05,
        0.15,
        0.3,
        0.35
    ],
    "train_loss": [
        2.503980875015259,
        1.7774856090545654,
        3.1483025550842285,
        4.570365905761719,
        9.749009132385254,
        2.1914312839508057
    ],
    "val_loss": [
        2.452272814512253,
        10.949258901923894,
        4.405606532096863,
        4.761830865219236,
        3.100335156545043,
        2.3933135688304903
    ]
}