{
    "step": [
        0,
        20,
        40,
        60,
        80,
        100
    ],
    "train_acc": [
        0.0,
        0.0,
        0.0,
        0.0,
        0.0,
        1.0
    ],
    "val_acc": [
        0.05,
        0.15,
        0.05,
        0.2,
        0.3,
        0.05
    ],
    "train_loss": [
        3.2217798233032227,
        15.646522521972656,
        3.9341349601745605,
        11.191036224365234,
        1.3351082801818848,
        0.31166982650756836
    ],
    "val_loss": [
        2.3410723507404327,
        13.282313633779996,
        11.0870367474854,
        9.356486512720585,
        6.239201627671719,
        3.611335015296936
    ]
}