{
    "step": [
        1,
        2,
        3
    ],
    "train_acc": [
        0.18,
        0.27,
        0.47
    ],
    "val_acc": [
        0.25,
        0.35,
        0.4
    ],
    "train_loss": [
        7.573600595537573,
        4.96704143248091,
        2.9619312195316887
    ],
    "val_loss": [
        2.972912465594709,
        5.15886926651001,
        2.216419467329979
    ]
}