{
    "step": [
        1,
        2,
        3
    ],
    "train_acc": [
        0.13,
        0.27,
        0.48
    ],
    "val_acc": [
        0.1,
        0.15,
        0.2
    ],
    "train_loss": [
        8.885935667315499,
        4.022412840745237,
        2.755423818119598
    ],
    "val_loss": [
        4.208978250622749,
        6.413056946545839,
        4.907990529201925
    ]
}