{
    "num_filters": [
        1,
        2,
        3
    ],
    "trainable_acc": [
        [
            0.35
        ],
        [
            0.4
        ],
        [
            0.4
        ]
    ],
    "trainable_loss": [
        [
            2.115210624039173
        ],
        [
            1.8887626081705093
        ],
        [
            2.216419467329979
        ]
    ],
    "frozen_acc": [
        [
            0.35
        ],
        [
            0.45
        ],
        [
            0.2
        ]
    ],
    "frozen_loss": [
        [
            1.5835292000323533
        ],
        [
            2.027424428984523
        ],
        [
            4.208978250622749
        ]
    ]
}