{
    "phase_1": [
        {
            "train_loss": [
                2.3032804260253905,
                1.8712631511688231
            ],
            "val_loss": [
                2.0097379207611086,
                1.57822696685791
            ],
            "train_acc": [
                0.191,
                0.565
            ],
            "val_acc": [
                0.65,
                0.725
            ],
            "bch": [
                0.0,
                0.0
            ],
            "fisher_rank": [
                0.0,
                0.0
            ],
            "time": 7.325287342071533,
            "config": {
                "dataset": "MNIST",
                "data_size": 1000,
                "epochs": 2,
                "time": 3.0,
                "time_steps": 3,
                "n_filters": 1
            }
        },
        {
            "train_loss": [
                2.248293929100037,
                1.2080452661514283
            ],
            "val_loss": [
                1.6245285081863403,
                0.8297825622558593
            ],
            "train_acc": [
                0.302,
                0.647
            ],
            "val_acc": [
                0.55,
                0.805
            ],
            "bch": [
                0.0,
                0.0
            ],
            "fisher_rank": [
                0.0,
                0.0
            ],
            "time": 18.743438243865967,
            "config": {
                "dataset": "MNIST",
                "data_size": 1000,
                "epochs": 2,
                "time": 3.0,
                "time_steps": 3,
                "n_filters": 2
            }
        },
        {
            "train_loss": [
                2.1019013013839722,
                1.1731384358406067
            ],
            "val_loss": [
                1.5029104042053223,
                0.9424752306938171
            ],
            "train_acc": [
                0.319,
                0.635
            ],
            "val_acc": [
                0.59,
                0.645
            ],
            "bch": [
                0.0,
                0.0
            ],
            "fisher_rank": [
                0.0,
                0.0
            ],
            "time": 9.088050842285156,
            "config": {
                "dataset": "FashionMNIST",
                "data_size": 1000,
                "epochs": 2,
                "time": 3.0,
                "time_steps": 3,
                "n_filters": 1
            }
        },
        {
            "train_loss": [
                1.7557146091461182,
                1.0890219578742981
            ],
            "val_loss": [
                1.3285219478607178,
                0.9080671977996826
            ],
            "train_acc": [
                0.433,
                0.606
            ],
            "val_acc": [
                0.57,
                0.66
            ],
            "bch": [
                0.0,
                0.0
            ],
            "fisher_rank": [
                0.0,
                0.0
            ],
            "time": 17.528225898742676,
            "config": {
                "dataset": "FashionMNIST",
                "data_size": 1000,
                "epochs": 2,
                "time": 3.0,
                "time_steps": 3,
                "n_filters": 2
            }
        }
    ],
    "phase_2": [
        {
            "train_loss": [
                8.206391357421875,
                5.069522857666016,
                2.395884046554565
            ],
            "val_loss": [
                7.325782165527344,
                3.2099085521697996,
                2.066895751953125
            ],
            "train_acc": [
                0.105,
                0.176,
                0.352
            ],
            "val_acc": [
                0.155,
                0.35,
                0.41
            ],
            "bch": [
                0.0,
                0.0,
                0.0
            ],
            "fisher_rank": [
                0.0,
                0.0,
                0.0
            ],
            "time": 12.185286283493042,
            "config": {
                "dataset": "MNIST",
                "data_size": 1000,
                "epochs": 3,
                "time": 1.0,
                "time_steps": 1,
                "n_filters": 2
            }
        },
        {
            "train_loss": [
                8.79351927947998,
                5.091841459274292,
                1.6648393230438232
            ],
            "val_loss": [
                7.374349746704102,
                2.353910789489746,
                1.416516160964966
            ],
            "train_acc": [
                0.116,
                0.255,
                0.483
            ],
            "val_acc": [
                0.185,
                0.38,
                0.54
            ],
            "bch": [
                0.0,
                0.0,
                0.0
            ],
            "fisher_rank": [
                0.0,
                0.0,
                0.0
            ],
            "time": 22.09670853614807,
            "config": {
                "dataset": "MNIST",
                "data_size": 1000,
                "epochs": 3,
                "time": 1.0,
                "time_steps": 2,
                "n_filters": 2
            }
        },
        {
            "train_loss": [
                5.879700756072998,
                3.6053404197692873,
                1.9919961891174316
            ],
            "val_loss": [
                4.7449727058410645,
                2.6453451251983644,
                1.6376213359832763
            ],
            "train_acc": [
                0.156,
                0.318,
                0.455
            ],
            "val_acc": [
                0.285,
                0.385,
                0.54
            ],
            "bch": [
                0.0,
                0.0,
                0.0
            ],
            "fisher_rank": [
                0.0,
                0.0,
                0.0
            ],
            "time": 13.768142700195312,
            "config": {
                "dataset": "FashionMNIST",
                "data_size": 1000,
                "epochs": 3,
                "time": 1.0,
                "time_steps": 1,
                "n_filters": 2
            }
        },
        {
            "train_loss": [
                5.569744228363037,
                2.352677918434143,
                1.2004288635253906
            ],
            "val_loss": [
                3.4971216201782225,
                1.2857693147659301,
                1.0641213321685792
            ],
            "train_acc": [
                0.191,
                0.387,
                0.607
            ],
            "val_acc": [
                0.24,
                0.54,
                0.615
            ],
            "bch": [
                0.0,
                0.0,
                0.0
            ],
            "fisher_rank": [
                0.0,
                0.0,
                0.0
            ],
            "time": 20.045361757278442,
            "config": {
                "dataset": "FashionMNIST",
                "data_size": 1000,
                "epochs": 3,
                "time": 1.0,
                "time_steps": 2,
                "n_filters": 2
            }
        }
    ],
    "phase_3": [
        {
            "train_loss": [
                8.79351927947998,
                5.179876640319824,
                1.7136368503570556,
                1.4022208080291747,
                1.1849305601119995
            ],
            "val_loss": [
                7.374349746704102,
                2.4559719657897947,
                1.4288817501068116,
                1.2354570150375366,
                1.010422601699829
            ],