{
    "step": [
        1,
        2,
        3
    ],
    "train_acc": [
        0.14,
        0.24,
        0.36
    ],
    "val_acc": [
        0.1,
        0.35,
        0.05
    ],
    "train_loss": [
        3.9467599514126777,
        3.083446673154831,
        1.920641912445426
    ],
    "val_loss": [
        4.113262467086315,
        2.2815649539232252,
        2.115210624039173
    ]
}