{
    "step": [
        1,
        2,
        3
    ],
    "train_acc": [
        0.18,
        0.26,
        0.36
    ],
    "val_acc": [
        0.1,
        0.05,
        0.35
    ],
    "train_loss": [
        3.934322282373905,
        2.455386458337307,
        2.3185787603259085
    ],
    "val_loss": [
        3.6944820284843445,
        3.221528044342995,
        1.5835292000323533
    ]
}