{
    "phase_1": [
        {
            "train_loss": [
                2.3088302612304688,
                1.6800892353057861,
                1.154353380203247
            ],
            "val_loss": [
                2.8414604446411134,
                2.6279020927429197,
                2.444119995880127
            ],
            "train_acc": [
                0.2,
                0.4,
                0.9
            ],
            "val_acc": [
                0.1081,
                0.2451,
                0.4294
            ],
            "bch": [
                23.102676391601562,
                23.09800148010254,
                23.09236717224121
            ],
            "fisher_rank": [
                3.8566484451293945,
                4.008611599604289,
                3.7893495559692383
            ],
            "time": 182.37016558647156,
            "config": {
                "dataset": "MNIST",
                "time": 2.0,
                "time_steps": 4,
                "n_filters": 3,
                "data_size": 10,
                "epochs": 3
            }
        },
        {
            "train_loss": [
                2.3543455600738525,
                1.6530017852783203,
                1.337246060371399
            ],
            "val_loss": [
                8.641989097595214,
                10.732203459167481,
                10.705874990844727
            ],
            "train_acc": [
                0.1,
                0.7,
                0.7
            ],
            "val_acc": [
                0.2577,
                0.3085,
                0.3391
            ],
            "bch": [
                158.15086364746094,
                158.06686401367188,
                157.47723388671875
            ],
            "fisher_rank": [
                3.9033607244491577,
                4.032310724258423,
                4.082250436147054
            ],
            "time": 499.14699029922485,
            "config": {
                "dataset": "FashionMNIST",
                "time": 5.0,
                "time_steps": 5,
                "n_filters": 6,
                "data_size": 10,
                "epochs": 3
            }
        }
    ],
    "phase_2": [
        {
            "dataset": "MNIST",
            "sizes": [
                "10",
                "20"
            ],
            "accuracies_mean": [
                0.27016,
                0.37434
            ],
            "accuracies_std": [
                0.07215731702329294,
                0.11426626098722228
            ],
            "losses_mean": [
                6.543917558364868,
                3.3570952886581424
            ]
        },
        {
            "dataset": "FashionMNIST",
            "sizes": [
                "10",
                "20"
            ],
            "accuracies_mean": [
                0.29188000000000003,
                0.29248
            ],
            "accuracies_std": [
                0.04109571267176175,
                0.0866234471722293
            ],
            "losses_mean": [
                7.987196005249023,
                4.280249632110595
            ]
        }
    ],
    "phase_3_binary_stability": {
        "MNIST": [
            {
                "run_id": 1,
                "final_acc": 0.9990543735224586,
                "final_loss": 0.009219839509472529,
                "loss_curve": [
                    0.17317093208432197
                ]
            },
            {
                "run_id": 2,
                "final_acc": 0.9990543735224586,
                "final_loss": 0.009219839509472529,
                "loss_curve": [
                    0.17317093208432197
                ]
            },
            {
                "run_id": 3,
                "final_acc": 0.9990543735224586,
                "final_loss": 0.009219839509472529,
                "loss_curve": [
                    0.17317093208432197
                ]
            },
            {
                "run_id": 4,
                "final_acc": 0.9990543735224586,
                "final_loss": 0.009219839509472529,
                "loss_curve": [
                    0.17317093208432197
                ]
            },
            {
                "run_id": 5,
                "final_acc": 0.9990543735224586,
                "final_loss": 0.009219839509472529,
                "loss_curve": [
                    0.17317093208432197
                ]
            }
        ],
        "FashionMNIST": [
            {
                "run_id": 1,
                "final_acc": 0.962,
                "final_loss": 0.09674697048030793,
                "loss_curve": [
                    0.2734475721605122
                ]
            },
            {
                "run_id": 2,
                "final_acc": 0.962,
                "final_loss": 0.09674697048030793,
                "loss_curve": [
                    0.2734475721605122
                ]
            },
            {
                "run_id": 3,
                "final_acc": 0.962,
                "final_loss": 0.09674697048030793,
                "loss_curve": [
                    0.2734475721605122
                ]
            },
            {
                "run_id": 4,
                "final_acc": 0.962,
                "final_loss": 0.09674697048030793,
                "loss_curve": [
                    0.2734475721605122
                ]
            },
            {
                "run_id": 5,
                "final_acc": 0.962,
                "final_loss": 0.09674697048030793,
                "loss_curve": [
                    0.2734475721605122
                ]
            }
        ]
    },
    "phase_4_noise": [
        {
            "dataset": "MNIST",
            "noise_levels": [
                0.0,
                0.01,
                0.05
            ],
            "accuracies": [
                0.3452,
                0.3452,
                0.3452
            ]
        },
        {
            "dataset": "FashionMNIST",
            "noise_levels": [
                0.0,
                0.01,
                0.05
            ],
            "accuracies": [
                0.3061,
                0.3061,
                0.3061
            ]
        }
    ]
}